{"cameraMode":{"drawMode":0,"name":"Shaded","section":"Shading Mode"},"sceneLighting":true,"audioPlay":false,"sceneViewState":{"m_AlwaysRefresh":false,"showFog":true,"showSkybox":true,"showFlares":true,"showImageEffects":true,"showParticleSystems":true,"showVisualEffectGraphs":true,"m_FxEnabled":false},"in2DMode":false,"pivot":{"x":4.250632286071777,"y":3.3916568756103517,"z":-14.002089500427246},"rotation":{"x":-0.0008173958631232381,"y":0.9991257786750794,"z":0.03448351472616196,"w":0.023677075281739236},"size":16.333860397338868,"orthographic":false}